fn	m	m3	w_c	w_a	why_c	why_a	why_pw_c	why_pw_a	because_c	because_a	because_pw_c	because_pw_a
Belfast/Courtney/030400.cha	40.0	39.0	991	3412	0	0	0.0	0.0	0	13	0.0	0.0038100820633059787
Belfast/Courtney/030525.cha	41.833333333333336	39.0	1983	4852	0	9	0.0	0.0018549051937345425	2	12	0.0010085728693898135	0.00247320692497939
Belfast/Courtney/030618.cha	42.6	42.0	1672	6631	2	2	0.0011961722488038277	0.0003016136329362087	4	28	0.0023923444976076554	0.004222590861106922
Belfast/Courtney/030724.cha	43.8	42.0	1126	3070	1	4	0.0008880994671403197	0.0013029315960912053	2	7	0.0017761989342806395	0.002280130293159609
Belfast/Courtney/030904.cha	45.13333333333333	45.0	2152	7211	3	12	0.0013940520446096654	0.001664124254611011	6	23	0.0027881040892193307	0.0031895714880044376
Belfast/Courtney/031100.cha	47.0	45.0	1589	8331	1	5	0.0006293266205160479	0.0006001680470531749	0	22	0.0	0.0026407394070339695
Belfast/Courtney/040011.cha	48.36666666666667	48.0	2741	6454	1	4	0.00036483035388544326	0.0006197706848466068	10	13	0.0036483035388544327	0.002014254725751472
