fn	m	m3	w_c	w_a	why_c	why_a	why_pw_c	why_pw_a	because_c	because_a	because_pw_c	because_pw_a
Belfast/David/020003.cha	24.1	24.0	175	4833	0	0	0.0	0.0	0	15	0.0	0.0031036623215394167
Belfast/David/020010.cha	24.333333333333332	24.0	677	6762	4	5	0.005908419497784343	0.0007394262052647146	2	14	0.0029542097488921715	0.002070393374741201
Belfast/David/020101.cha	25.033333333333335	24.0	582	5161	0	0	0.0	0.0	0	9	0.0	0.0017438480914551443
Belfast/David/020122.cha	25.733333333333334	24.0	483	7841	0	2	0.0	0.00025506950644050506	0	31	0.0	0.003953577349827828
Belfast/David/020219.cha	26.633333333333333	24.0	455	5427	0	3	0.0	0.000552791597567717	0	12	0.0	0.002211166390270868
Belfast/David/020721.cha	31.7	30.0	434	6770	0	1	0.0	0.00014771048744460856	0	12	0.0	0.0017725258493353029
Belfast/David/020824.cha	32.8	30.0	1299	6478	0	3	0.0	0.0004631058968817536	2	18	0.001539645881447267	0.002778635381290522
Belfast/David/030002.cha	36.06666666666667	36.0	791	6152	8	6	0.010113780025284451	0.0009752925877763329	0	20	0.0	0.003250975292587776
Belfast/David/030325.cha	39.833333333333336	39.0	956	4718	2	3	0.0020920502092050207	0.000635862653666808	3	8	0.0031380753138075313	0.001695633743111488
Belfast/David/030524.cha	41.8	39.0	93	1832	0	0	0.0	0.0	0	7	0.0	0.003820960698689956
Belfast/David/030811.cha	44.36666666666667	42.0	104	1902	0	1	0.0	0.0005257623554153522	0	7	0.0	0.003680336487907466
Belfast/David/031111.cha	47.36666666666667	45.0	1575	8996	2	9	0.0012698412698412698	0.0010004446420631393	7	31	0.0044444444444444444	0.0034459759893285904
Belfast/David/040028.cha	48.93333333333333	48.0	1382	3357	6	3	0.004341534008683068	0.0008936550491510277	6	6	0.004341534008683068	0.0017873100983020554
Belfast/David/040203.cha	50.1	48.0	1289	2327	18	4	0.013964313421256789	0.0017189514396218307	2	8	0.0015515903801396431	0.0034379028792436614
