fn	m	m3	w_c	w_a	why_c	why_a	why_pw_c	why_pw_a	because_c	because_a	because_pw_c	because_pw_a
Belfast/John/030529.cha	41.96666666666667	39.0	618	3061	0	0	0.0	0.0	0	6	0.0	0.0019601437438745506
Belfast/John/030611.cha	42.36666666666667	42.0	215	630	0	0	0.0	0.0	0	1	0.0	0.0015873015873015873
Belfast/John/030730.cha	44.0	42.0	1421	5145	0	5	0.0	0.0009718172983479105	3	11	0.00211118930330753	0.002137998056365403
Belfast/John/030911.cha	45.36666666666667	45.0	1214	5318	2	23	0.0016474464579901153	0.004324934185784129	17	20	0.01400329489291598	0.00376081233546446
Belfast/John/031024.cha	46.8	45.0	1406	3914	3	1	0.0021337126600284497	0.0002554931016862545	6	4	0.004267425320056899	0.001021972406745018
Belfast/John/040012.cha	48.4	48.0	1221	3950	0	2	0.0	0.0005063291139240507	7	5	0.005733005733005733	0.0012658227848101266
Belfast/John/040401.cha	52.03333333333333	51.0	2027	6836	5	19	0.00246669955599408	0.0027794031597425397	18	21	0.008880118401578688	0.003071971913399649
