fn	m	m3	w_c	w_a	why_c	why_a	why_pw_c	why_pw_a	because_c	because_a	because_pw_c	because_pw_a
Belfast/Rachel/020525.cha	29.833333333333332	27.0	214	4176	2	4	0.009345794392523364	0.0009578544061302681	0	18	0.0	0.004310344827586207
Belfast/Rachel/020610.cha	30.333333333333332	30.0	95	3265	0	2	0.0	0.0006125574272588055	0	8	0.0	0.002450229709035222
Belfast/Rachel/020727.cha	31.9	30.0	710	4622	2	2	0.0028169014084507044	0.00043271311120726956	0	16	0.0	0.0034617048896581565
Belfast/Rachel/020830.cha	33.0	33.0	1338	5805	0	5	0.0	0.0008613264427217916	5	19	0.0037369207772795215	0.003273040482342808
Belfast/Rachel/020902.cha	33.06666666666667	33.0	1929	3345	2	5	0.0010368066355624676	0.0014947683109118087	8	6	0.00414722654224987	0.0017937219730941704
Belfast/Rachel/020916.cha	33.53333333333333	33.0	429	746	0	2	0.0	0.002680965147453083	2	0	0.004662004662004662	0.0
Belfast/Rachel/021100.cha	35.0	33.0	1440	6306	0	7	0.0	0.0011100539169045353	2	10	0.001388888888888889	0.001585791309863622
Belfast/Rachel/030203.cha	38.1	36.0	647	7525	0	2	0.0	0.00026578073089701	3	40	0.00463678516228748	0.0053156146179402
